{
  "publicPath": "/dist/",
  "all": [
    "app.64164599832b4087fd27.js",
    "115.64164599832b4087fd27.js",
    "849.64164599832b4087fd27.js"
  ],
  "initial": [
    "app.64164599832b4087fd27.js"
  ],
  "async": [
    "115.64164599832b4087fd27.js",
    "849.64164599832b4087fd27.js"
  ],
  "modules": {
    "f70b4204": [
      0
    ],
    "35e8576e": [
      0
    ],
    "39087b8a": [
      1
    ],
    "5b2908f5": [
      2
    ],
    "53ea0e9a": [
      0
    ],
    "0217b13a": [
      0
    ],
    "1929b3d4": [
      0
    ],
    "3c73c7d7": [
      0
    ],
    "30ec2c0c": [
      0
    ],
    "467f62b8": [
      0
    ],
    "6fbc4fdc": [
      0
    ],
    "691f1e8a": [
      0
    ],
    "5c2d1380": [
      0
    ],
    "34c750e2": [
      0
    ],
    "130c4394": [
      0
    ],
    "b8250572": [
      0
    ],
    "594d331d": [
      0
    ]
  }
}